dist (m),T,mT
0.03,0.00473,4.73
0.04,0.0032,3.2
0.05,0.00183,1.83